
<RENDERBATCH>

  <RENDERIMG RASNAME="C:\sam_work\final_projects\zybo_video_demo\zybo_video_demo\SDK\SDK_Export\hw\imgs\processing_system7_0.jpg" SVGNAME="C:\sam_work\final_projects\zybo_video_demo\zybo_video_demo\SDK\SDK_Export\hw\imgs\processing_system7_0.svg" TMPSVGFN="C:\sam_work\final_projects\zybo_video_demo\zybo_video_demo\__xps\.dswkshop\processing_system7_0.svg"/>

  <RENDERIMG RASNAME="C:\sam_work\final_projects\zybo_video_demo\zybo_video_demo\SDK\SDK_Export\hw\imgs\hdmi_rx_0.jpg" SVGNAME="C:\sam_work\final_projects\zybo_video_demo\zybo_video_demo\SDK\SDK_Export\hw\imgs\hdmi_rx_0.svg" TMPSVGFN="C:\sam_work\final_projects\zybo_video_demo\zybo_video_demo\__xps\.dswkshop\hdmi_rx_0.svg"/>

  <RENDERIMG RASNAME="C:\sam_work\final_projects\zybo_video_demo\zybo_video_demo\SDK\SDK_Export\hw\imgs\axi4lite_0.jpg" SVGNAME="C:\sam_work\final_projects\zybo_video_demo\zybo_video_demo\SDK\SDK_Export\hw\imgs\axi4lite_0.svg" TMPSVGFN="C:\sam_work\final_projects\zybo_video_demo\zybo_video_demo\__xps\.dswkshop\axi4lite_0.svg"/>

  <RENDERIMG RASNAME="C:\sam_work\final_projects\zybo_video_demo\zybo_video_demo\SDK\SDK_Export\hw\imgs\SWs_4Bits.jpg" SVGNAME="C:\sam_work\final_projects\zybo_video_demo\zybo_video_demo\SDK\SDK_Export\hw\imgs\SWs_4Bits.svg" TMPSVGFN="C:\sam_work\final_projects\zybo_video_demo\zybo_video_demo\__xps\.dswkshop\SWs_4Bits.svg"/>

  <RENDERIMG RASNAME="C:\sam_work\final_projects\zybo_video_demo\zybo_video_demo\SDK\SDK_Export\hw\imgs\BTNs_4Bits.jpg" SVGNAME="C:\sam_work\final_projects\zybo_video_demo\zybo_video_demo\SDK\SDK_Export\hw\imgs\BTNs_4Bits.svg" TMPSVGFN="C:\sam_work\final_projects\zybo_video_demo\zybo_video_demo\__xps\.dswkshop\BTNs_4Bits.svg"/>

  <RENDERIMG RASNAME="C:\sam_work\final_projects\zybo_video_demo\zybo_video_demo\SDK\SDK_Export\hw\imgs\axi_linearfilter_0.jpg" SVGNAME="C:\sam_work\final_projects\zybo_video_demo\zybo_video_demo\SDK\SDK_Export\hw\imgs\axi_linearfilter_0.svg" TMPSVGFN="C:\sam_work\final_projects\zybo_video_demo\zybo_video_demo\__xps\.dswkshop\axi_linearfilter_0.svg"/>

  <RENDERIMG RASNAME="C:\sam_work\final_projects\zybo_video_demo\zybo_video_demo\SDK\SDK_Export\hw\imgs\axi_color_space_0.jpg" SVGNAME="C:\sam_work\final_projects\zybo_video_demo\zybo_video_demo\SDK\SDK_Export\hw\imgs\axi_color_space_0.svg" TMPSVGFN="C:\sam_work\final_projects\zybo_video_demo\zybo_video_demo\__xps\.dswkshop\axi_color_space_0.svg"/>

  <RENDERIMG RASNAME="C:\sam_work\final_projects\zybo_video_demo\zybo_video_demo\SDK\SDK_Export\hw\imgs\util_bus_split_0.jpg" SVGNAME="C:\sam_work\final_projects\zybo_video_demo\zybo_video_demo\SDK\SDK_Export\hw\imgs\util_bus_split_0.svg" TMPSVGFN="C:\sam_work\final_projects\zybo_video_demo\zybo_video_demo\__xps\.dswkshop\util_bus_split_0.svg"/>

  <RENDERIMG RASNAME="C:\sam_work\final_projects\zybo_video_demo\zybo_video_demo\SDK\SDK_Export\hw\imgs\util_bus_split_1.jpg" SVGNAME="C:\sam_work\final_projects\zybo_video_demo\zybo_video_demo\SDK\SDK_Export\hw\imgs\util_bus_split_1.svg" TMPSVGFN="C:\sam_work\final_projects\zybo_video_demo\zybo_video_demo\__xps\.dswkshop\util_bus_split_1.svg"/>

  <RENDERIMG RASNAME="C:\sam_work\final_projects\zybo_video_demo\zybo_video_demo\SDK\SDK_Export\hw\imgs\util_bus_split_2.jpg" SVGNAME="C:\sam_work\final_projects\zybo_video_demo\zybo_video_demo\SDK\SDK_Export\hw\imgs\util_bus_split_2.svg" TMPSVGFN="C:\sam_work\final_projects\zybo_video_demo\zybo_video_demo\__xps\.dswkshop\util_bus_split_2.svg"/>

  <RENDERIMG RASNAME="C:\sam_work\final_projects\zybo_video_demo\zybo_video_demo\SDK\SDK_Export\hw\imgs\system_blkd.jpg" SVGNAME="C:\sam_work\final_projects\zybo_video_demo\zybo_video_demo\SDK\SDK_Export\hw\imgs\system_blkd.svg" TMPSVGFN="C:\sam_work\final_projects\zybo_video_demo\zybo_video_demo\__xps\.dswkshop\system_blkd.svg"/>

</RENDERBATCH>